"Gencode Id","Gene Symbol","Variant Id","SNP Id","P-Value","NES","Tissue"
"ENSG00000148737.17","TCF7L2","chr10_113008850_A_G_b38","rs6585200","7.2e-17","-0.29","Artery - Aorta"
"ENSG00000148737.17","TCF7L2","chr10_113009024_G_A_b38","rs6585201","1.0e-16","-0.29","Artery - Aorta"
"ENSG00000148737.17","TCF7L2","chr10_113017379_CAGTGGTGG_C_b38","rs11279190","1.9e-16","-0.28","Artery - Aorta"
"ENSG00000148737.17","TCF7L2","chr10_113041766_G_A_b38","rs7895340","2.3e-16","-0.28","Artery - Aorta"
"ENSG00000148737.17","TCF7L2","chr10_113027331_A_G_b38","rs7907610","2.7e-16","-0.28","Artery - Aorta"
"ENSG00000148737.17","TCF7L2","chr10_113027253_T_C_b38","rs7924080","3.5e-16","-0.28","Artery - Aorta"
"ENSG00000148737.17","TCF7L2","chr10_113017637_C_T_b38","rs7918599","4.5e-16","-0.28","Artery - Aorta"
"ENSG00000148737.17","TCF7L2","chr10_113020874_A_C_b38","rs11196191","4.5e-16","-0.28","Artery - Aorta"
"ENSG00000148737.17","TCF7L2","chr10_113021939_T_C_b38","rs12258200","4.5e-16","-0.28","Artery - Aorta"
"ENSG00000148737.17","TCF7L2","chr10_113024079_T_C_b38","rs11196193","4.5e-16","-0.28","Artery - Aorta"
"ENSG00000148737.17","TCF7L2","chr10_113012494_C_CA_b38","rs11386117","4.7e-16","-0.28","Artery - Aorta"
"ENSG00000148737.17","TCF7L2","chr10_113014168_A_G_b38","rs7904519","4.7e-16","-0.28","Artery - Aorta"
"ENSG00000148737.17","TCF7L2","chr10_113005412_G_A_b38","rs6585199","7.3e-16","-0.28","Artery - Aorta"
"ENSG00000148737.17","TCF7L2","chr10_113042179_C_G_b38","rs11196200","8.3e-16","-0.27","Artery - Aorta"
"ENSG00000148737.17","TCF7L2","chr10_113031629_A_G_b38","rs10885408","1.2e-15","-0.27","Artery - Aorta"
"ENSG00000148737.17","TCF7L2","chr10_113047288_G_C_b38","rs11196205","1.4e-15","-0.27","Artery - Aorta"
"ENSG00000148737.17","TCF7L2","chr10_113048313_T_C_b38","rs10885409","1.4e-15","-0.27","Artery - Aorta"
"ENSG00000148737.17","TCF7L2","chr10_113033478_A_G_b38","rs7086857","1.5e-15","-0.27","Artery - Aorta"
"ENSG00000148737.17","TCF7L2","chr10_113033692_G_A_b38","rs12359102","1.5e-15","-0.27","Artery - Aorta"
"ENSG00000148737.17","TCF7L2","chr10_113034064_T_A_b38","rs7900150","1.5e-15","-0.27","Artery - Aorta"
"ENSG00000148737.17","TCF7L2","chr10_113036289_A_G_b38","rs7100927","1.8e-15","-0.27","Artery - Aorta"
"ENSG00000148737.17","TCF7L2","chr10_113017911_C_T_b38","rs10885405","2.6e-15","-0.27","Artery - Aorta"
"ENSG00000148737.17","TCF7L2","chr10_113001938_A_C_b38","rs10885402","2.6e-15","-0.28","Artery - Aorta"
"ENSG00000148737.17","TCF7L2","chr10_113002305_G_T_b38","rs6585197","2.6e-15","-0.28","Artery - Aorta"
"ENSG00000148737.17","TCF7L2","chr10_113051557_T_C_b38","rs11196208","3.1e-15","-0.27","Artery - Aorta"
"ENSG00000148737.17","TCF7L2","chr10_113053288_C_T_b38","rs12718338","3.1e-15","-0.27","Artery - Aorta"
"ENSG00000148737.17","TCF7L2","chr10_113023574_C_T_b38","rs7921525","3.3e-15","-0.27","Artery - Aorta"
"ENSG00000148737.17","TCF7L2","chr10_112988738_C_T_b38","rs4074720","3.5e-15","-0.28","Artery - Aorta"
"ENSG00000148737.17","TCF7L2","chr10_112988858_G_A_b38","rs4074718","3.5e-15","-0.28","Artery - Aorta"
"ENSG00000148737.17","TCF7L2","chr10_113023044_T_C_b38","rs6585202","3.9e-15","-0.27","Artery - Aorta"
"ENSG00000148737.17","TCF7L2","chr10_113023827_C_G_b38","rs6585204","3.9e-15","-0.27","Artery - Aorta"
"ENSG00000148737.17","TCF7L2","chr10_113017965_A_G_b38","rs10885406","5.9e-15","-0.27","Artery - Aorta"
"ENSG00000148737.17","TCF7L2","chr10_113018493_A_G_b38","rs11196190","5.9e-15","-0.27","Artery - Aorta"
"ENSG00000148737.17","TCF7L2","chr10_113019779_G_A_b38","rs7899529","5.9e-15","-0.27","Artery - Aorta"
"ENSG00000148737.17","TCF7L2","chr10_113021538_A_C_b38","rs10787472","5.9e-15","-0.27","Artery - Aorta"
"ENSG00000148737.17","TCF7L2","chr10_113021641_C_A_b38","rs10787473","5.9e-15","-0.27","Artery - Aorta"
"ENSG00000148737.17","TCF7L2","chr10_113025519_A_G_b38","rs4309084","5.9e-15","-0.27","Artery - Aorta"
"ENSG00000148737.17","TCF7L2","chr10_113026180_A_G_b38","rs4128598","5.9e-15","-0.27","Artery - Aorta"
"ENSG00000148737.17","TCF7L2","chr10_113026395_A_G_b38","rs4128597","5.9e-15","-0.27","Artery - Aorta"
"ENSG00000148737.17","TCF7L2","chr10_113053282_C_T_b38","rs4077527","5.9e-15","-0.27","Artery - Aorta"
"ENSG00000148737.17","TCF7L2","chr10_112986821_C_G_b38","rs4073980","8.6e-15","-0.27","Artery - Aorta"
"ENSG00000148737.17","TCF7L2","chr10_113050481_T_C_b38","rs12265291","1.0e-14","-0.27","Artery - Aorta"
"ENSG00000148737.17","TCF7L2","chr10_113029318_T_C_b38","rs7077039","1.6e-14","-0.26","Artery - Aorta"
"ENSG00000148737.17","TCF7L2","chr10_113052312_T_C_b38","rs7077247","2.0e-14","-0.26","Artery - Aorta"
"ENSG00000148737.17","TCF7L2","chr10_113057768_T_G_b38","rs7071302","2.0e-14","-0.27","Artery - Aorta"
"ENSG00000148737.17","TCF7L2","chr10_113002478_G_A_b38","rs6585198","3.4e-14","-0.27","Artery - Aorta"
"ENSG00000148737.17","TCF7L2","chr10_113004902_G_A_b38","rs10787471","7.4e-14","-0.26","Artery - Aorta"
"ENSG00000148737.17","TCF7L2","chr10_112987518_G_A_b38","rs4073288","6.7e-11","-0.23","Artery - Aorta"
"ENSG00000148737.17","TCF7L2","chr10_112988270_A_T_b38","rs11196180","9.6e-11","-0.23","Artery - Aorta"
"ENSG00000148737.17","TCF7L2","chr10_112931592_A_G_b38","rs11595571","2.3e-10","-0.29","Cells - EBV-transformed lymphocytes"
"ENSG00000148737.17","TCF7L2","chr10_112932297_A_G_b38","rs12246335","2.3e-10","-0.29","Cells - EBV-transformed lymphocytes"
"ENSG00000148737.17","TCF7L2","chr10_112933374_G_A_b38","rs10885392","2.3e-10","-0.29","Cells - EBV-transformed lymphocytes"
"ENSG00000148737.17","TCF7L2","chr10_112934000_G_A_b38","rs2148960","2.3e-10","-0.29","Cells - EBV-transformed lymphocytes"
"ENSG00000148737.17","TCF7L2","chr10_112935650_G_C_b38","rs11196156","2.3e-10","-0.29","Cells - EBV-transformed lymphocytes"
"ENSG00000148737.17","TCF7L2","chr10_112931651_A_C_b38","rs11595589","2.3e-10","-0.29","Cells - EBV-transformed lymphocytes"
"ENSG00000148737.17","TCF7L2","chr10_112932196_AG_A_b38","rs71489990","2.3e-10","-0.29","Cells - EBV-transformed lymphocytes"
"ENSG00000148737.17","TCF7L2","chr10_112933059_T_C_b38","rs10885391","2.3e-10","-0.29","Cells - EBV-transformed lymphocytes"
"ENSG00000148737.17","TCF7L2","chr10_112947581_G_C_b38","rs66500369","2.9e-10","-0.28","Cells - EBV-transformed lymphocytes"
"ENSG00000148737.17","TCF7L2","chr10_112926390_C_T_b38","rs11196151","3.1e-10","-0.29","Cells - EBV-transformed lymphocytes"
"ENSG00000148737.17","TCF7L2","chr10_112935325_C_CG_b38","rs34646695","3.8e-10","-0.28","Cells - EBV-transformed lymphocytes"
"ENSG00000148737.17","TCF7L2","chr10_112936302_G_A_b38","rs12269491","3.8e-10","-0.28","Cells - EBV-transformed lymphocytes"
"ENSG00000148737.17","TCF7L2","chr10_112932105_C_A_b38","rs12260893","6.6e-10","-0.28","Cells - EBV-transformed lymphocytes"
"ENSG00000148737.17","TCF7L2","chr10_112932413_A_C_b38","rs66668186","8.0e-10","-0.28","Cells - EBV-transformed lymphocytes"
"ENSG00000148737.17","TCF7L2","chr10_112936173_A_C_b38","rs10509967","1.0e-9","-0.28","Cells - EBV-transformed lymphocytes"
"ENSG00000148737.17","TCF7L2","chr10_112948751_C_T_b38","rs3814570","1.2e-9","-0.28","Cells - EBV-transformed lymphocytes"
"ENSG00000148737.17","TCF7L2","chr10_112937347_C_A_b38","rs36076230","1.2e-9","-0.29","Cells - EBV-transformed lymphocytes"
"ENSG00000148737.17","TCF7L2","chr10_112937344_T_C_b38","rs35757597","1.8e-9","-0.29","Cells - EBV-transformed lymphocytes"
"ENSG00000148737.17","TCF7L2","chr10_112939291_C_T_b38","rs11196161","1.8e-9","-0.29","Cells - EBV-transformed lymphocytes"
"ENSG00000148737.17","TCF7L2","chr10_112949029_T_A_b38","rs10885394","4.0e-9","-0.28","Cells - EBV-transformed lymphocytes"
"ENSG00000148737.17","TCF7L2","chr10_112927961_G_T_b38","rs1556011","5.1e-9","-0.27","Cells - EBV-transformed lymphocytes"
"ENSG00000148737.17","TCF7L2","chr10_112928125_T_C_b38","rs2148887","5.1e-9","-0.27","Cells - EBV-transformed lymphocytes"
"ENSG00000148737.17","TCF7L2","chr10_112949509_C_T_b38","rs10885395","5.6e-9","-0.28","Cells - EBV-transformed lymphocytes"
"ENSG00000148737.17","TCF7L2","chr10_112947438_G_C_b38","rs11196166","5.7e-9","-0.28","Cells - EBV-transformed lymphocytes"
"ENSG00000148737.17","TCF7L2","chr10_112844248_C_G_b38","rs10787469","6.7e-9","-0.20","Brain - Cerebellum"
"ENSG00000148737.17","TCF7L2","chr10_112916421_A_G_b38","rs10509966","1.1e-8","-0.28","Cells - EBV-transformed lymphocytes"
"ENSG00000148737.17","TCF7L2","chr10_112951893_A_AG_b38","","1.1e-8","-0.28","Cells - EBV-transformed lymphocytes"
"ENSG00000148737.17","TCF7L2","chr10_113013309_G_T_b38","rs10885404","1.2e-8","0.28","Artery - Aorta"
"ENSG00000148737.17","TCF7L2","chr10_112925301_A_C_b38","rs12242714","1.3e-8","-0.26","Cells - EBV-transformed lymphocytes"
"ENSG00000148737.17","TCF7L2","chr10_112853117_T_G_b38","rs10787470","1.7e-8","-0.20","Brain - Cerebellum"
"ENSG00000148737.17","TCF7L2","chr10_112925717_A_G_b38","rs35495891","1.9e-8","-0.25","Cells - EBV-transformed lymphocytes"
"ENSG00000148737.17","TCF7L2","chr10_112952789_A_T_b38","rs11196168","2.0e-8","-0.28","Cells - EBV-transformed lymphocytes"
"ENSG00000148737.17","TCF7L2","chr10_112956171_A_G_b38","rs10885398","2.3e-8","-0.28","Cells - EBV-transformed lymphocytes"
"ENSG00000148737.17","TCF7L2","chr10_112907788_T_C_b38","rs72826024","3.8e-8","0.24","Cells - EBV-transformed lymphocytes"
"ENSG00000148737.17","TCF7L2","chr10_112907925_G_A_b38","rs11592269","3.8e-8","0.24","Cells - EBV-transformed lymphocytes"
"ENSG00000148737.17","TCF7L2","chr10_112910215_A_T_b38","rs58046881","3.8e-8","0.24","Cells - EBV-transformed lymphocytes"
"ENSG00000148737.17","TCF7L2","chr10_112910652_A_G_b38","rs58708176","3.8e-8","0.24","Cells - EBV-transformed lymphocytes"
"ENSG00000148737.17","TCF7L2","chr10_113028431_T_TG_b38","rs67832625","4.3e-8","-0.26","Artery - Aorta"
"ENSG00000148737.17","TCF7L2","chr10_112858475_G_A_b38","rs4917638","5.2e-8","-0.19","Brain - Cerebellum"
"ENSG00000148737.17","TCF7L2","chr10_113059013_G_A_b38","rs35936842","5.4e-8","-0.19","Artery - Aorta"
"ENSG00000148737.17","TCF7L2","chr10_112911772_T_G_b38","rs17130147","5.9e-8","0.23","Cells - EBV-transformed lymphocytes"
"ENSG00000148737.17","TCF7L2","chr10_112912571_T_C_b38","rs59545071","9.6e-8","0.23","Cells - EBV-transformed lymphocytes"
"ENSG00000148737.17","TCF7L2","chr10_113053288_C_T_b38","rs12718338","1.2e-7","-0.15","Artery - Tibial"
"ENSG00000148737.17","TCF7L2","chr10_113053282_C_T_b38","rs4077527","1.4e-7","-0.15","Artery - Tibial"
"ENSG00000148737.17","TCF7L2","chr10_112911143_C_A_b38","rs17130145","1.4e-7","0.23","Cells - EBV-transformed lymphocytes"
"ENSG00000148737.17","TCF7L2","chr10_112996282_A_T_b38","rs4506565","1.6e-7","-0.20","Artery - Aorta"
"ENSG00000148737.17","TCF7L2","chr10_113017637_C_T_b38","rs7918599","1.7e-7","-0.15","Artery - Tibial"
"ENSG00000148737.17","TCF7L2","chr10_113057768_T_G_b38","rs7071302","1.9e-7","-0.15","Artery - Tibial"
"ENSG00000148737.17","TCF7L2","chr10_113005988_C_A_b38","rs4575195","2.0e-7","-0.20","Artery - Aorta"
"ENSG00000148737.17","TCF7L2","chr10_112903251_G_A_b38","rs61875062","2.1e-7","0.23","Cells - EBV-transformed lymphocytes"
"ENSG00000148737.17","TCF7L2","chr10_112904798_C_T_b38","rs55929675","2.1e-7","0.23","Cells - EBV-transformed lymphocytes"
"ENSG00000148737.17","TCF7L2","chr10_113014168_A_G_b38","rs7904519","2.2e-7","-0.15","Artery - Tibial"
"ENSG00000148737.17","TCF7L2","chr10_112994329_T_C_b38","rs7901695","2.2e-7","-0.20","Artery - Aorta"
"ENSG00000148737.17","TCF7L2","chr10_113012494_C_CA_b38","rs11386117","2.2e-7","-0.15","Artery - Tibial"
"ENSG00000148737.17","TCF7L2","chr10_113051557_T_C_b38","rs11196208","2.3e-7","-0.14","Artery - Tibial"
"ENSG00000148737.17","TCF7L2","chr10_112896158_A_T_b38","rs11196145","2.4e-7","0.22","Cells - EBV-transformed lymphocytes"
"ENSG00000148737.17","TCF7L2","chr10_112889369_C_G_b38","rs56381280","2.5e-7","0.22","Cells - EBV-transformed lymphocytes"
"ENSG00000148737.17","TCF7L2","chr10_112892936_T_C_b38","rs2180964","2.5e-7","0.22","Cells - EBV-transformed lymphocytes"
"ENSG00000148737.17","TCF7L2","chr10_113038134_G_A_b38","rs7076754","2.7e-7","-0.23","Artery - Aorta"
"ENSG00000148737.17","TCF7L2","chr10_113036358_A_G_b38","rs11196199","2.8e-7","-0.24","Artery - Aorta"
"ENSG00000148737.17","TCF7L2","chr10_113046101_C_A_b38","rs11196203","2.8e-7","-0.24","Artery - Aorta"
"ENSG00000148737.17","TCF7L2","chr10_113047288_G_C_b38","rs11196205","3.1e-7","-0.14","Artery - Tibial"
"ENSG00000148737.17","TCF7L2","chr10_113048313_T_C_b38","rs10885409","3.2e-7","-0.14","Artery - Tibial"
"ENSG00000148737.17","TCF7L2","chr10_113008850_A_G_b38","rs6585200","3.4e-7","-0.15","Artery - Tibial"
"ENSG00000148737.17","TCF7L2","chr10_113020874_A_C_b38","rs11196191","3.5e-7","-0.14","Artery - Tibial"
"ENSG00000148737.17","TCF7L2","chr10_113021939_T_C_b38","rs12258200","3.5e-7","-0.14","Artery - Tibial"
"ENSG00000148737.17","TCF7L2","chr10_113024079_T_C_b38","rs11196193","3.5e-7","-0.14","Artery - Tibial"
"ENSG00000148737.17","TCF7L2","chr10_113031612_C_T_b38","rs11196197","3.6e-7","-0.24","Artery - Aorta"
"ENSG00000148737.17","TCF7L2","chr10_113017379_CAGTGGTGG_C_b38","rs11279190","3.6e-7","-0.14","Artery - Tibial"
"ENSG00000148737.17","TCF7L2","chr10_113027331_A_G_b38","rs7907610","3.8e-7","-0.14","Artery - Tibial"
"ENSG00000148737.17","TCF7L2","chr10_113027253_T_C_b38","rs7924080","4.1e-7","-0.14","Artery - Tibial"
"ENSG00000148737.17","TCF7L2","chr10_112860265_G_A_b38","rs654404","4.6e-7","0.19","Brain - Cerebellum"
"ENSG00000148737.17","TCF7L2","chr10_113041766_G_A_b38","rs7895340","4.7e-7","-0.14","Artery - Tibial"
"ENSG00000148737.17","TCF7L2","chr10_113037608_T_C_b38","rs56385800","4.7e-7","-0.24","Artery - Aorta"
"ENSG00000148737.17","TCF7L2","chr10_112925717_A_G_b38","rs35495891","4.8e-7","-0.23","Brain - Cerebellar Hemisphere"
"ENSG00000148737.17","TCF7L2","chr10_113002305_G_T_b38","rs6585197","5.1e-7","-0.14","Artery - Tibial"
"ENSG00000148737.17","TCF7L2","chr10_113008012_G_A_b38","rs4132670","5.3e-7","-0.19","Artery - Aorta"
"ENSG00000148737.17","TCF7L2","chr10_113023574_C_T_b38","rs7921525","5.3e-7","-0.14","Artery - Tibial"
"ENSG00000148737.17","TCF7L2","chr10_112907591_T_C_b38","rs1813335","5.4e-7","0.21","Cells - EBV-transformed lymphocytes"
"ENSG00000148737.17","TCF7L2","chr10_112908057_G_A_b38","rs11592285","5.4e-7","0.21","Cells - EBV-transformed lymphocytes"
"ENSG00000148737.17","TCF7L2","chr10_113042179_C_G_b38","rs11196200","5.6e-7","-0.14","Artery - Tibial"
"ENSG00000148737.17","TCF7L2","chr10_113005988_C_A_b38","rs4575195","5.7e-7","-0.15","Artery - Tibial"
"ENSG00000148737.17","TCF7L2","chr10_113052312_T_C_b38","rs7077247","5.8e-7","-0.14","Artery - Tibial"
"ENSG00000148737.17","TCF7L2","chr10_113001938_A_C_b38","rs10885402","5.9e-7","-0.14","Artery - Tibial"
"ENSG00000148737.17","TCF7L2","chr10_113019779_G_A_b38","rs7899529","6.1e-7","-0.14","Artery - Tibial"
"ENSG00000148737.17","TCF7L2","chr10_113017965_A_G_b38","rs10885406","6.3e-7","-0.14","Artery - Tibial"
"ENSG00000148737.17","TCF7L2","chr10_113018493_A_G_b38","rs11196190","6.3e-7","-0.14","Artery - Tibial"
"ENSG00000148737.17","TCF7L2","chr10_113021538_A_C_b38","rs10787472","6.3e-7","-0.14","Artery - Tibial"
"ENSG00000148737.17","TCF7L2","chr10_113021641_C_A_b38","rs10787473","6.3e-7","-0.14","Artery - Tibial"
"ENSG00000148737.17","TCF7L2","chr10_113025519_A_G_b38","rs4309084","6.3e-7","-0.14","Artery - Tibial"
"ENSG00000148737.17","TCF7L2","chr10_113026180_A_G_b38","rs4128598","6.3e-7","-0.14","Artery - Tibial"
"ENSG00000148737.17","TCF7L2","chr10_113026395_A_G_b38","rs4128597","6.3e-7","-0.14","Artery - Tibial"
"ENSG00000148737.17","TCF7L2","chr10_113017911_C_T_b38","rs10885405","6.6e-7","-0.14","Artery - Tibial"
"ENSG00000148737.17","TCF7L2","chr10_112884451_G_C_b38","rs12256188","6.8e-7","0.17","Brain - Cerebellum"
"ENSG00000148737.17","TCF7L2","chr10_113061202_G_A_b38","rs4918788","6.9e-7","-0.17","Artery - Aorta"
"ENSG00000148737.17","TCF7L2","chr10_113050481_T_C_b38","rs12265291","7.3e-7","-0.14","Artery - Tibial"
"ENSG00000148737.17","TCF7L2","chr10_112895975_G_GA_b38","rs34550863","7.6e-7","0.21","Cells - EBV-transformed lymphocytes"
"ENSG00000148737.17","TCF7L2","chr10_113005412_G_A_b38","rs6585199","8.0e-7","-0.14","Artery - Tibial"
"ENSG00000148737.17","TCF7L2","chr10_113023044_T_C_b38","rs6585202","8.9e-7","-0.14","Artery - Tibial"
"ENSG00000148737.17","TCF7L2","chr10_113023827_C_G_b38","rs6585204","8.9e-7","-0.14","Artery - Tibial"
"ENSG00000148737.17","TCF7L2","chr10_112868576_G_C_b38","rs2039034","9.0e-7","0.18","Brain - Cerebellum"
"ENSG00000148737.17","TCF7L2","chr10_113002478_G_A_b38","rs6585198","9.1e-7","-0.14","Artery - Tibial"
"ENSG00000148737.17","TCF7L2","chr10_112901800_T_G_b38","rs61875060","9.3e-7","0.21","Cells - EBV-transformed lymphocytes"
"ENSG00000148737.17","TCF7L2","chr10_113008012_G_A_b38","rs4132670","9.4e-7","-0.15","Artery - Tibial"
"ENSG00000148737.17","TCF7L2","chr10_112883330_T_A_b38","rs7909156","9.7e-7","0.21","Cells - EBV-transformed lymphocytes"
"ENSG00000148737.17","TCF7L2","chr10_112884177_C_T_b38","rs11595716","9.7e-7","0.21","Cells - EBV-transformed lymphocytes"
"ENSG00000148737.17","TCF7L2","chr10_112884451_G_C_b38","rs12256188","9.7e-7","0.21","Cells - EBV-transformed lymphocytes"
"ENSG00000148737.17","TCF7L2","chr10_113031629_A_G_b38","rs10885408","0.0000010","-0.14","Artery - Tibial"
"ENSG00000148737.17","TCF7L2","chr10_113009024_G_A_b38","rs6585201","0.0000011","-0.14","Artery - Tibial"
"ENSG00000148737.17","TCF7L2","chr10_113033478_A_G_b38","rs7086857","0.0000011","-0.14","Artery - Tibial"
"ENSG00000148737.17","TCF7L2","chr10_113033692_G_A_b38","rs12359102","0.0000011","-0.14","Artery - Tibial"
"ENSG00000148737.17","TCF7L2","chr10_113034064_T_A_b38","rs7900150","0.0000011","-0.14","Artery - Tibial"
"ENSG00000148737.17","TCF7L2","chr10_112935325_C_CG_b38","rs34646695","0.0000012","-0.22","Brain - Cerebellar Hemisphere"
"ENSG00000148737.17","TCF7L2","chr10_113004902_G_A_b38","rs10787471","0.0000013","-0.14","Artery - Tibial"
"ENSG00000148737.17","TCF7L2","chr10_112948751_C_T_b38","rs3814570","0.0000014","-0.13","Whole Blood"
"ENSG00000148737.17","TCF7L2","chr10_112868854_T_C_b38","rs11595267","0.0000014","0.19","Brain - Cerebellum"
"ENSG00000148737.17","TCF7L2","chr10_112851745_C_G_b38","rs477167","0.0000014","0.15","Esophagus - Mucosa"
"ENSG00000148737.17","TCF7L2","chr10_112913553_G_A_b38","rs66537764","0.0000014","0.20","Cells - EBV-transformed lymphocytes"
"ENSG00000148737.17","TCF7L2","chr10_112856144_T_C_b38","rs2479118","0.0000016","0.18","Brain - Cerebellum"
"ENSG00000148737.17","TCF7L2","chr10_112926390_C_T_b38","rs11196151","0.0000016","-0.22","Brain - Cerebellar Hemisphere"
"ENSG00000148737.17","TCF7L2","chr10_112849304_A_C_b38","rs1327692","0.0000017","0.15","Esophagus - Mucosa"
"ENSG00000148737.17","TCF7L2","chr10_113036289_A_G_b38","rs7100927","0.0000018","-0.13","Artery - Tibial"
"ENSG00000148737.17","TCF7L2","chr10_112916421_A_G_b38","rs10509966","0.0000019","-0.24","Brain - Cerebellar Hemisphere"
"ENSG00000148737.17","TCF7L2","chr10_112874727_G_A_b38","rs12248034","0.0000020","0.17","Brain - Cerebellum"
"ENSG00000148737.17","TCF7L2","chr10_112988738_C_T_b38","rs4074720","0.0000020","-0.14","Artery - Tibial"
"ENSG00000148737.17","TCF7L2","chr10_112988858_G_A_b38","rs4074718","0.0000020","-0.14","Artery - Tibial"
"ENSG00000148737.17","TCF7L2","chr10_112883330_T_A_b38","rs7909156","0.0000021","0.16","Brain - Cerebellum"
"ENSG00000148737.17","TCF7L2","chr10_112884177_C_T_b38","rs11595716","0.0000021","0.16","Brain - Cerebellum"
"ENSG00000148737.17","TCF7L2","chr10_112859780_T_C_b38","rs2479116","0.0000021","0.18","Brain - Cerebellum"
"ENSG00000148737.17","TCF7L2","chr10_113029318_T_C_b38","rs7077039","0.0000021","-0.13","Artery - Tibial"
"ENSG00000148737.17","TCF7L2","chr10_112956171_A_G_b38","rs10885398","0.0000022","-0.14","Whole Blood"
"ENSG00000148737.17","TCF7L2","chr10_112932105_C_A_b38","rs12260893","0.0000022","-0.21","Brain - Cerebellar Hemisphere"
"ENSG00000148737.17","TCF7L2","chr10_113014167_C_T_b38","rs12244851","0.0000023","-0.14","Artery - Tibial"
"ENSG00000148737.17","TCF7L2","chr10_112911080_T_C_b38","rs7076475","0.0000024","0.21","Cells - EBV-transformed lymphocytes"
"ENSG00000148737.17","TCF7L2","chr10_112862960_A_G_b38","rs7912868","0.0000024","0.18","Brain - Cerebellum"
"ENSG00000148737.17","TCF7L2","chr10_112949029_T_A_b38","rs10885394","0.0000024","-0.24","Brain - Cerebellar Hemisphere"
"ENSG00000148737.17","TCF7L2","chr10_112937344_T_C_b38","rs35757597","0.0000025","-0.23","Brain - Cerebellar Hemisphere"
"ENSG00000148737.17","TCF7L2","chr10_112939291_C_T_b38","rs11196161","0.0000025","-0.23","Brain - Cerebellar Hemisphere"
"ENSG00000148737.17","TCF7L2","chr10_112925301_A_C_b38","rs12242714","0.0000025","-0.22","Brain - Cerebellar Hemisphere"
"ENSG00000148737.17","TCF7L2","chr10_112927961_G_T_b38","rs1556011","0.0000025","-0.22","Brain - Cerebellar Hemisphere"
"ENSG00000148737.17","TCF7L2","chr10_112928125_T_C_b38","rs2148887","0.0000025","-0.22","Brain - Cerebellar Hemisphere"
"ENSG00000148737.17","TCF7L2","chr10_112874301_G_C_b38","rs28562866","0.0000026","0.17","Brain - Cerebellum"
"ENSG00000148737.17","TCF7L2","chr10_112875740_C_T_b38","rs56203663","0.0000026","0.17","Brain - Cerebellum"
"ENSG00000148737.17","TCF7L2","chr10_112947581_G_C_b38","rs66500369","0.0000026","-0.21","Brain - Cerebellar Hemisphere"
"ENSG00000148737.17","TCF7L2","chr10_112952395_C_G_b38","rs7094871","0.0000027","-0.11","Whole Blood"
"ENSG00000148737.17","TCF7L2","chr10_112861123_G_T_b38","rs2475176","0.0000028","0.18","Brain - Cerebellum"
"ENSG00000148737.17","TCF7L2","chr10_112955839_G_A_b38","rs2104598","0.0000029","-0.11","Whole Blood"
"ENSG00000148737.17","TCF7L2","chr10_113014167_C_T_b38","rs12244851","0.0000029","-0.18","Artery - Aorta"
"ENSG00000148737.17","TCF7L2","chr10_113014674_A_C_b38","rs36090025","0.0000030","-0.14","Artery - Tibial"
"ENSG00000148737.17","TCF7L2","chr10_113022822_G_GCT_b38","rs10659211","0.0000030","-0.14","Artery - Tibial"
"ENSG00000148737.17","TCF7L2","chr10_112949509_C_T_b38","rs10885395","0.0000031","-0.23","Brain - Cerebellar Hemisphere"
"ENSG00000148737.17","TCF7L2","chr10_112998590_C_T_b38","rs7903146","0.0000031","-0.14","Artery - Tibial"
"ENSG00000148737.17","TCF7L2","chr10_112911568_A_T_b38","rs61875068","0.0000033","0.21","Cells - EBV-transformed lymphocytes"
"ENSG00000148737.17","TCF7L2","chr10_112911997_CCTTT_C_b38","rs141866258","0.0000033","0.21","Cells - EBV-transformed lymphocytes"
"ENSG00000148737.17","TCF7L2","chr10_112844804_C_T_b38","rs12248007","0.0000035","0.18","Brain - Cerebellum"
"ENSG00000148737.17","TCF7L2","chr10_112964098_A_G_b38","rs2296782","0.0000035","0.095","Cells - Cultured fibroblasts"
"ENSG00000148737.17","TCF7L2","chr10_113062980_A_G_b38","rs7085989","0.0000036","-0.16","Artery - Aorta"
"ENSG00000148737.17","TCF7L2","chr10_112937347_C_A_b38","rs36076230","0.0000036","-0.23","Brain - Cerebellar Hemisphere"
"ENSG00000148737.17","TCF7L2","chr10_112846846_C_G_b38","rs72824085","0.0000038","0.18","Brain - Cerebellum"
"ENSG00000148737.17","TCF7L2","chr10_112843314_C_T_b38","rs4917637","0.0000040","-0.17","Brain - Cerebellum"
"ENSG00000148737.17","TCF7L2","chr10_112996282_A_T_b38","rs4506565","0.0000043","-0.14","Artery - Tibial"
"ENSG00000148737.17","TCF7L2","chr10_112947438_G_C_b38","rs11196166","0.0000045","-0.23","Brain - Cerebellar Hemisphere"
"ENSG00000148737.17","TCF7L2","chr10_112888192_T_A_b38","rs72826017","0.0000045","0.20","Cells - EBV-transformed lymphocytes"
"ENSG00000148737.17","TCF7L2","chr10_112948751_C_T_b38","rs3814570","0.0000045","-0.21","Brain - Cerebellar Hemisphere"
"ENSG00000148737.17","TCF7L2","chr10_112936173_A_C_b38","rs10509967","0.0000048","-0.21","Brain - Cerebellar Hemisphere"
"ENSG00000148737.17","TCF7L2","chr10_112936302_G_A_b38","rs12269491","0.0000048","-0.21","Brain - Cerebellar Hemisphere"
"ENSG00000148737.17","TCF7L2","chr10_112927961_G_T_b38","rs1556011","0.0000048","-0.13","Whole Blood"
"ENSG00000148737.17","TCF7L2","chr10_112928125_T_C_b38","rs2148887","0.0000048","-0.13","Whole Blood"
"ENSG00000148737.17","TCF7L2","chr10_112846109_G_A_b38","rs61872434","0.0000049","0.18","Brain - Cerebellum"
"ENSG00000148737.17","TCF7L2","chr10_112995025_T_C_b38","rs35198068","0.0000049","-0.14","Artery - Tibial"
"ENSG00000148737.17","TCF7L2","chr10_112961478_A_G_b38","rs11196169","0.0000051","-0.11","Whole Blood"
"ENSG00000148737.17","TCF7L2","chr10_112845164_G_A_b38","rs56382423","0.0000055","0.18","Brain - Cerebellum"
"ENSG00000148737.17","TCF7L2","chr10_112845210_CT_C_b38","rs59582145","0.0000055","0.18","Brain - Cerebellum"
"ENSG00000148737.17","TCF7L2","chr10_112931592_A_G_b38","rs11595571","0.0000058","-0.21","Brain - Cerebellar Hemisphere"
"ENSG00000148737.17","TCF7L2","chr10_112931651_A_C_b38","rs11595589","0.0000058","-0.21","Brain - Cerebellar Hemisphere"
"ENSG00000148737.17","TCF7L2","chr10_112932196_AG_A_b38","rs71489990","0.0000058","-0.21","Brain - Cerebellar Hemisphere"
"ENSG00000148737.17","TCF7L2","chr10_112932297_A_G_b38","rs12246335","0.0000058","-0.21","Brain - Cerebellar Hemisphere"
"ENSG00000148737.17","TCF7L2","chr10_112932413_A_C_b38","rs66668186","0.0000058","-0.21","Brain - Cerebellar Hemisphere"
"ENSG00000148737.17","TCF7L2","chr10_112933059_T_C_b38","rs10885391","0.0000058","-0.21","Brain - Cerebellar Hemisphere"
"ENSG00000148737.17","TCF7L2","chr10_112933374_G_A_b38","rs10885392","0.0000058","-0.21","Brain - Cerebellar Hemisphere"
"ENSG00000148737.17","TCF7L2","chr10_112934000_G_A_b38","rs2148960","0.0000058","-0.21","Brain - Cerebellar Hemisphere"
"ENSG00000148737.17","TCF7L2","chr10_112935650_G_C_b38","rs11196156","0.0000058","-0.21","Brain - Cerebellar Hemisphere"
"ENSG00000148737.17","TCF7L2","chr10_112926390_C_T_b38","rs11196151","0.0000059","-0.13","Whole Blood"
"ENSG00000148737.17","TCF7L2","chr10_112849257_G_A_b38","rs55753172","0.0000059","0.17","Brain - Cerebellum"
"ENSG00000148737.17","TCF7L2","chr10_112854016_C_A_b38","rs11595713","0.0000059","0.17","Brain - Cerebellum"
"ENSG00000148737.17","TCF7L2","chr10_113025665_G_A_b38","rs7074440","0.0000060","-0.14","Artery - Tibial"
"ENSG00000148737.17","TCF7L2","chr10_112925301_A_C_b38","rs12242714","0.0000062","-0.13","Whole Blood"
"ENSG00000148737.17","TCF7L2","chr10_112853117_T_G_b38","rs10787470","0.0000066","-0.19","Cells - EBV-transformed lymphocytes"
"ENSG00000148737.17","TCF7L2","chr10_113063667_A_G_b38","rs7087006","0.0000066","-0.16","Artery - Aorta"
"ENSG00000148737.17","TCF7L2","chr10_112531111_A_G_b38","rs543433386","0.0000069","0.66","Brain - Spinal cord (cervical c-1)"
"ENSG00000148737.17","TCF7L2","chr10_112931592_A_G_b38","rs11595571","0.0000069","-0.13","Whole Blood"
"ENSG00000148737.17","TCF7L2","chr10_112931651_A_C_b38","rs11595589","0.0000069","-0.13","Whole Blood"
"ENSG00000148737.17","TCF7L2","chr10_112986821_C_G_b38","rs4073980","0.0000072","-0.13","Artery - Tibial"
"ENSG00000148737.17","TCF7L2","chr10_112841714_T_G_b38","rs12259064","0.0000072","0.18","Brain - Cerebellum"
"ENSG00000148737.17","TCF7L2","chr10_112994312_T_C_b38","rs34872471","0.0000074","-0.14","Artery - Tibial"
"ENSG00000148737.17","TCF7L2","chr10_112994312_T_C_b38","rs34872471","0.0000074","-0.17","Artery - Aorta"
"ENSG00000148737.17","TCF7L2","chr10_112995025_T_C_b38","rs35198068","0.0000074","-0.17","Artery - Aorta"
"ENSG00000148737.17","TCF7L2","chr10_112877786_G_T_b38","rs1327694","0.0000075","0.16","Brain - Cerebellum"
"ENSG00000148737.17","TCF7L2","chr10_112878367_T_C_b38","rs11817840","0.0000075","0.16","Brain - Cerebellum"
"ENSG00000148737.17","TCF7L2","chr10_112879537_G_A_b38","rs7898718","0.0000075","0.16","Brain - Cerebellum"
"ENSG00000148737.17","TCF7L2","chr10_112998590_C_T_b38","rs7903146","0.0000077","-0.17","Artery - Aorta"
"ENSG00000148737.17","TCF7L2","chr10_112952789_A_T_b38","rs11196168","0.0000078","-0.23","Brain - Cerebellar Hemisphere"
"ENSG00000148737.17","TCF7L2","chr10_112876512_T_C_b38","rs28407328","0.0000078","0.16","Brain - Cerebellum"
"ENSG00000148737.17","TCF7L2","chr10_113314579_G_T_b38","rs487209","0.0000080","0.16","Colon - Sigmoid"
"ENSG00000148737.17","TCF7L2","chr10_112873160_G_A_b38","rs72824101","0.0000081","0.16","Brain - Cerebellum"
"ENSG00000148737.17","TCF7L2","chr10_112947581_G_C_b38","rs66500369","0.0000081","-0.12","Whole Blood"
"ENSG00000148737.17","TCF7L2","chr10_112936302_G_A_b38","rs12269491","0.0000084","-0.12","Whole Blood"
"ENSG00000148737.17","TCF7L2","chr10_113431410_G_A_b38","rs11599095","0.0000085","-0.19","Thyroid"
"ENSG00000148737.17","TCF7L2","chr10_112952789_A_T_b38","rs11196168","0.0000088","-0.13","Whole Blood"
"ENSG00000148737.17","TCF7L2","chr10_112852456_A_G_b38","rs4451646","0.0000090","0.17","Brain - Cerebellum"
"ENSG00000148737.17","TCF7L2","chr10_112881710_A_C_b38","rs4111101","0.0000092","0.16","Brain - Cerebellum"
"ENSG00000148737.17","TCF7L2","chr10_112914994_C_T_b38","rs11814000","0.0000093","0.17","Brain - Cerebellum"
"ENSG00000148737.17","TCF7L2","chr10_112889708_A_G_b38","rs17746501","0.0000094","0.19","Cells - EBV-transformed lymphocytes"
"ENSG00000148737.17","TCF7L2","chr10_112892027_G_A_b38","rs56308043","0.0000094","0.19","Cells - EBV-transformed lymphocytes"
"ENSG00000148737.17","TCF7L2","chr10_112894438_T_C_b38","rs1556014","0.0000094","0.19","Cells - EBV-transformed lymphocytes"
"ENSG00000148737.17","TCF7L2","chr10_112933059_T_C_b38","rs10885391","0.0000095","-0.12","Whole Blood"
"ENSG00000148737.17","TCF7L2","chr10_112934000_G_A_b38","rs2148960","0.0000095","-0.12","Whole Blood"
"ENSG00000148737.17","TCF7L2","chr10_112935650_G_C_b38","rs11196156","0.0000095","-0.12","Whole Blood"
"ENSG00000148737.17","TCF7L2","chr10_112903251_G_A_b38","rs61875062","0.0000095","0.16","Brain - Cerebellum"
"ENSG00000148737.17","TCF7L2","chr10_112904798_C_T_b38","rs55929675","0.0000095","0.16","Brain - Cerebellum"
"ENSG00000148737.17","TCF7L2","chr10_112925717_A_G_b38","rs35495891","0.0000096","-0.12","Whole Blood"
"ENSG00000148737.17","TCF7L2","chr10_113061490_T_C_b38","rs11196212","0.000010","-0.16","Artery - Aorta"
"ENSG00000148737.17","TCF7L2","chr10_113062048_T_G_b38","rs4918789","0.000010","-0.16","Artery - Aorta"
"ENSG00000148737.17","TCF7L2","chr10_113039134_T_A_b38","rs61872784","0.000011","-0.13","Artery - Tibial"
"ENSG00000148737.17","TCF7L2","chr10_112906007_G_A_b38","rs11196147","0.000011","0.20","Cells - EBV-transformed lymphocytes"
"ENSG00000148737.17","TCF7L2","chr10_113061795_C_T_b38","rs11196213","0.000011","-0.15","Artery - Aorta"
"ENSG00000148737.17","TCF7L2","chr10_112876512_T_C_b38","rs28407328","0.000011","0.19","Cells - EBV-transformed lymphocytes"
"ENSG00000148737.17","TCF7L2","chr10_112994329_T_C_b38","rs7901695","0.000012","-0.13","Artery - Tibial"
"ENSG00000148737.17","TCF7L2","chr10_112871028_A_G_b38","rs2479047","0.000012","0.16","Brain - Cerebellum"
"ENSG00000148737.17","TCF7L2","chr10_112932196_AG_A_b38","rs71489990","0.000012","-0.12","Whole Blood"
"ENSG00000148737.17","TCF7L2","chr10_112932297_A_G_b38","rs12246335","0.000012","-0.12","Whole Blood"
"ENSG00000148737.17","TCF7L2","chr10_112933374_G_A_b38","rs10885392","0.000012","-0.12","Whole Blood"
"ENSG00000148737.17","TCF7L2","chr10_112932413_A_C_b38","rs66668186","0.000012","-0.12","Whole Blood"
"ENSG00000148737.17","TCF7L2","chr10_112858475_G_A_b38","rs4917638","0.000012","-0.19","Cells - EBV-transformed lymphocytes"
"ENSG00000148737.17","TCF7L2","chr10_112862234_A_G_b38","rs17746382","0.000012","0.17","Brain - Cerebellum"
"ENSG00000148737.17","TCF7L2","chr10_112892027_G_A_b38","rs56308043","0.000012","0.16","Brain - Cerebellum"
"ENSG00000148737.17","TCF7L2","chr10_112895306_G_A_b38","rs61872454","0.000012","0.16","Brain - Cerebellum"
"ENSG00000148737.17","TCF7L2","chr10_112899715_G_T_b38","rs61872458","0.000012","0.16","Brain - Cerebellum"
"ENSG00000148737.17","TCF7L2","chr10_112936173_A_C_b38","rs10509967","0.000013","-0.12","Whole Blood"
"ENSG00000148737.17","TCF7L2","chr10_112951913_C_CT_b38","","0.000013","-0.11","Whole Blood"
"ENSG00000148737.17","TCF7L2","chr10_112951918_C_T_b38","rs113999985","0.000013","-0.11","Whole Blood"
"ENSG00000148737.17","TCF7L2","chr10_112952224_A_G_b38","rs7094463","0.000013","-0.11","Whole Blood"
"ENSG00000148737.17","TCF7L2","chr10_112949509_C_T_b38","rs10885395","0.000013","-0.13","Whole Blood"
"ENSG00000148737.17","TCF7L2","chr10_112949029_T_A_b38","rs10885394","0.000013","-0.13","Whole Blood"
"ENSG00000148737.17","TCF7L2","chr10_112874794_G_A_b38","rs61872447","0.000014","0.16","Brain - Cerebellum"
"ENSG00000148737.17","TCF7L2","chr10_112874961_G_A_b38","rs2145813","0.000014","0.16","Brain - Cerebellum"
"ENSG00000148737.17","TCF7L2","chr10_112935325_C_CG_b38","rs34646695","0.000014","-0.12","Whole Blood"
"ENSG00000148737.17","TCF7L2","chr10_113062190_C_T_b38","rs4917642","0.000014","-0.15","Artery - Aorta"
"ENSG00000148737.17","TCF7L2","chr10_113947539_G_A_b38","rs11196549","0.000014","-0.33","Colon - Sigmoid"
"ENSG00000148737.17","TCF7L2","chr10_112889369_C_G_b38","rs56381280","0.000014","0.15","Brain - Cerebellum"
"ENSG00000148737.17","TCF7L2","chr10_112870594_G_C_b38","rs2479048","0.000015","0.17","Brain - Cerebellum"
"ENSG00000148737.17","TCF7L2","chr10_112897568_T_A_b38","rs35098680","0.000015","0.16","Brain - Cerebellum"
"ENSG00000148737.17","TCF7L2","chr10_113028431_T_TG_b38","rs67832625","0.000017","0.17","Esophagus - Mucosa"
"ENSG00000148737.17","TCF7L2","chr10_112844248_C_G_b38","rs10787469","0.000018","-0.18","Cells - EBV-transformed lymphocytes"
"ENSG00000148737.17","TCF7L2","chr10_112992744_T_C_b38","rs17747324","0.000018","-0.18","Artery - Aorta"
"ENSG00000148737.17","TCF7L2","chr10_112910215_A_T_b38","rs58046881","0.000018","0.15","Brain - Cerebellum"
"ENSG00000148737.17","TCF7L2","chr10_112910652_A_G_b38","rs58708176","0.000018","0.15","Brain - Cerebellum"
"ENSG00000148737.17","TCF7L2","chr10_113024016_T_C_b38","rs114863326","0.000019","-0.21","Artery - Aorta"
"ENSG00000148737.17","TCF7L2","chr10_112876040_C_T_b38","rs60125070","0.000019","0.15","Brain - Cerebellum"
"ENSG00000148737.17","TCF7L2","chr10_112881038_T_A_b38","rs10885390","0.000020","0.18","Cells - EBV-transformed lymphocytes"
"ENSG00000148737.17","TCF7L2","chr10_113006958_C_T_b38","rs7896811","0.000020","-0.21","Artery - Aorta"
"ENSG00000148737.17","TCF7L2","chr10_113012084_A_G_b38","rs57225583","0.000020","-0.21","Artery - Aorta"
"ENSG00000148737.17","TCF7L2","chr10_112916421_A_G_b38","rs10509966","0.000021","-0.12","Whole Blood"
"ENSG00000148737.17","TCF7L2","chr10_113138334_T_C_b38","rs3814573","0.000022","-0.11","Nerve - Tibial"
"ENSG00000148737.17","TCF7L2","chr10_112535643_G_C_b38","rs11195988","0.000022","0.62","Brain - Spinal cord (cervical c-1)"
"ENSG00000148737.17","TCF7L2","chr10_112536245_T_C_b38","rs59006533","0.000022","0.62","Brain - Spinal cord (cervical c-1)"
"ENSG00000148737.17","TCF7L2","chr10_113022822_G_GCT_b38","rs10659211","0.000022","-0.17","Artery - Aorta"
"ENSG00000148737.17","TCF7L2","chr10_112895306_G_A_b38","rs61872454","0.000022","0.19","Cells - EBV-transformed lymphocytes"
"ENSG00000148737.17","TCF7L2","chr10_112895799_G_A_b38","rs11196143","0.000022","0.19","Cells - EBV-transformed lymphocytes"
"ENSG00000148737.17","TCF7L2","chr10_112899715_G_T_b38","rs61872458","0.000022","0.19","Cells - EBV-transformed lymphocytes"
"ENSG00000148737.17","TCF7L2","chr10_112911143_C_A_b38","rs17130145","0.000022","0.15","Brain - Cerebellum"
"ENSG00000148737.17","TCF7L2","chr10_112911772_T_G_b38","rs17130147","0.000022","0.15","Brain - Cerebellum"
"ENSG00000148737.17","TCF7L2","chr10_112912571_T_C_b38","rs59545071","0.000022","0.15","Brain - Cerebellum"
"ENSG00000148737.17","TCF7L2","chr10_112880258_C_T_b38","rs11596544","0.000023","0.15","Brain - Cerebellum"
"ENSG00000148737.17","TCF7L2","chr10_113031731_C_T_b38","rs12260037","0.000024","-0.13","Artery - Tibial"
"ENSG00000148737.17","TCF7L2","chr10_113128969_G_C_b38","rs1467576","0.000024","-0.10","Nerve - Tibial"
"ENSG00000148737.17","TCF7L2","chr10_112908057_G_A_b38","rs11592285","0.000024","0.15","Brain - Cerebellum"
"ENSG00000148737.17","TCF7L2","chr10_112913553_G_A_b38","rs66537764","0.000024","0.15","Brain - Cerebellum"
"ENSG00000148737.17","TCF7L2","chr10_113044589_G_C_b38","rs55993230","0.000026","-0.25","Artery - Aorta"
"ENSG00000148737.17","TCF7L2","chr10_112911568_A_T_b38","rs61875068","0.000027","0.15","Brain - Cerebellum"
"ENSG00000148737.17","TCF7L2","chr10_112911997_CCTTT_C_b38","rs141866258","0.000027","0.15","Brain - Cerebellum"
"ENSG00000148737.17","TCF7L2","chr10_112907788_T_C_b38","rs72826024","0.000027","0.15","Brain - Cerebellum"
"ENSG00000148737.17","TCF7L2","chr10_112583961_T_A_b38","rs11196004","0.000029","-0.13","Brain - Nucleus accumbens (basal ganglia)"
"ENSG00000148737.17","TCF7L2","chr10_112993500_T_C_b38","rs61875120","0.000029","-0.18","Artery - Aorta"
"ENSG00000148737.17","TCF7L2","chr10_112989975_G_A_b38","rs35011184","0.000030","-0.17","Artery - Aorta"
"ENSG00000148737.17","TCF7L2","chr10_112990477_T_C_b38","rs61875118","0.000030","-0.17","Artery - Aorta"
"ENSG00000148737.17","TCF7L2","chr10_113039413_A_G_b38","rs56087297","0.000032","-0.13","Artery - Tibial"
"ENSG00000148737.17","TCF7L2","chr10_112906007_G_A_b38","rs11196147","0.000032","0.15","Brain - Cerebellum"
"ENSG00000148737.17","TCF7L2","chr10_112951893_A_AG_b38","","0.000033","-0.12","Whole Blood"
"ENSG00000148737.17","TCF7L2","chr10_112892936_T_C_b38","rs2180964","0.000033","0.14","Brain - Cerebellum"
"ENSG00000148737.17","TCF7L2","chr10_113309543_A_G_b38","rs501812","0.000033","0.15","Colon - Sigmoid"
"ENSG00000148737.17","TCF7L2","chr10_112956171_A_G_b38","rs10885398","0.000034","-0.21","Brain - Cerebellar Hemisphere"
"ENSG00000148737.17","TCF7L2","chr10_113479005_C_G_b38","rs17770015","0.000034","-0.18","Thyroid"
"ENSG00000148737.17","TCF7L2","chr10_113057250_A_C_b38","rs11196211","0.000034","-0.13","Artery - Tibial"
"ENSG00000148737.17","TCF7L2","chr10_112890284_G_A_b38","rs73356346","0.000034","0.62","Cells - EBV-transformed lymphocytes"
"ENSG00000148737.17","TCF7L2","chr10_112963176_A_G_b38","rs61875105","0.000035","-0.18","Whole Blood"
"ENSG00000148737.17","TCF7L2","chr10_112871028_A_G_b38","rs2479047","0.000035","0.18","Cells - EBV-transformed lymphocytes"
"ENSG00000148737.17","TCF7L2","chr10_113475355_T_C_b38","rs1472750","0.000035","0.17","Thyroid"
"ENSG00000148737.17","TCF7L2","chr10_112894438_T_C_b38","rs1556014","0.000036","0.15","Brain - Cerebellum"
"ENSG00000148737.17","TCF7L2","chr10_112895799_G_A_b38","rs11196143","0.000036","0.15","Brain - Cerebellum"
"ENSG00000148737.17","TCF7L2","chr10_112952124_G_A_b38","rs10885397","0.000036","-0.16","Whole Blood"
"ENSG00000148737.17","TCF7L2","chr10_113036358_A_G_b38","rs11196199","0.000037","0.16","Esophagus - Mucosa"
"ENSG00000148737.17","TCF7L2","chr10_113046101_C_A_b38","rs11196203","0.000037","0.16","Esophagus - Mucosa"
"ENSG00000148737.17","TCF7L2","chr10_112889708_A_G_b38","rs17746501","0.000037","0.15","Brain - Cerebellum"
"ENSG00000148737.17","TCF7L2","chr10_112838443_T_C_b38","rs17746088","0.000038","0.17","Brain - Cerebellum"
"ENSG00000148737.17","TCF7L2","chr10_112881038_T_A_b38","rs10885390","0.000039","0.15","Brain - Cerebellum"
"ENSG00000148737.17","TCF7L2","chr10_113317027_C_G_b38","rs12570696","0.000039","-0.44","Brain - Nucleus accumbens (basal ganglia)"
"ENSG00000148737.17","TCF7L2","chr10_112963800_T_C_b38","rs2296784","0.000039","0.088","Cells - Cultured fibroblasts"
"ENSG00000148737.17","TCF7L2","chr10_112585793_G_A_b38","rs11196006","0.000040","-0.13","Brain - Nucleus accumbens (basal ganglia)"
"ENSG00000148737.17","TCF7L2","chr10_112833069_ATGTTACCATGCTT_A_b38","rs111979825","0.000041","0.38","Esophagus - Muscularis"
"ENSG00000148737.17","TCF7L2","chr10_112833314_A_C_b38","rs74156826","0.000041","0.38","Esophagus - Muscularis"
"ENSG00000148737.17","TCF7L2","chr10_112833268_A_C_b38","rs74156825","0.000041","0.38","Esophagus - Muscularis"
"ENSG00000148737.17","TCF7L2","chr10_112833620_A_T_b38","rs74156827","0.000041","0.38","Esophagus - Muscularis"
"ENSG00000148737.17","TCF7L2","chr10_112833669_A_G_b38","rs56887951","0.000041","0.38","Esophagus - Muscularis"
"ENSG00000148737.17","TCF7L2","chr10_112833882_G_A_b38","rs58111154","0.000041","0.38","Esophagus - Muscularis"
"ENSG00000148737.17","TCF7L2","chr10_113488500_C_A_b38","rs1033773","0.000042","0.17","Thyroid"
"ENSG00000148737.17","TCF7L2","chr10_112881710_A_C_b38","rs4111101","0.000042","0.18","Cells - EBV-transformed lymphocytes"
"ENSG00000148737.17","TCF7L2","chr10_112895975_G_GA_b38","rs34550863","0.000044","0.14","Brain - Cerebellum"
"ENSG00000148737.17","TCF7L2","chr10_112901800_T_G_b38","rs61875060","0.000044","0.14","Brain - Cerebellum"
"ENSG00000148737.17","TCF7L2","chr10_112896158_A_T_b38","rs11196145","0.000045","0.15","Brain - Cerebellum"
"ENSG00000148737.17","TCF7L2","chr10_113127429_G_C_b38","rs6585209","0.000046","-0.10","Nerve - Tibial"
"ENSG00000148737.17","TCF7L2","chr10_113127459_A_G_b38","rs7906315","0.000046","-0.10","Nerve - Tibial"
"ENSG00000148737.17","TCF7L2","chr10_113418733_G_A_b38","rs73366182","0.000048","-0.17","Thyroid"
"ENSG00000148737.17","TCF7L2","chr10_113013849_A_G_b38","rs55899248","0.000048","-0.17","Artery - Aorta"
"ENSG00000148737.17","TCF7L2","chr10_113031612_C_T_b38","rs11196197","0.000049","0.16","Esophagus - Mucosa"
"ENSG00000148737.17","TCF7L2","chr10_112948751_C_T_b38","rs3814570","0.000051","-0.15","Brain - Cerebellum"
"ENSG00000148737.17","TCF7L2","chr10_113025665_G_A_b38","rs7074440","0.000051","-0.16","Artery - Aorta"
"ENSG00000148737.17","TCF7L2","chr10_112907925_G_A_b38","rs11592269","0.000051","0.15","Brain - Cerebellum"
"ENSG00000148737.17","TCF7L2","chr10_113022191_G_C_b38","rs55853916","0.000052","-0.17","Artery - Aorta"
"ENSG00000148737.17","TCF7L2","chr10_112962862_G_A_b38","rs11196170","0.000052","0.087","Cells - Cultured fibroblasts"
"ENSG00000148737.17","TCF7L2","chr10_113023031_G_T_b38","rs55972445","0.000053","-0.17","Artery - Aorta"
"ENSG00000148737.17","TCF7L2","chr10_113014674_A_C_b38","rs36090025","0.000054","-0.16","Artery - Aorta"
"ENSG00000148737.17","TCF7L2","chr10_112990621_G_A_b38","rs61875119","0.000055","-0.17","Artery - Aorta"
"ENSG00000148737.17","TCF7L2","chr10_112874301_G_C_b38","rs28562866","0.000057","0.18","Cells - EBV-transformed lymphocytes"
"ENSG00000148737.17","TCF7L2","chr10_112847794_T_C_b38","rs2281632","0.000058","0.13","Esophagus - Mucosa"
"ENSG00000148737.17","TCF7L2","chr10_112846276_A_G_b38","rs12769758","0.000058","0.13","Esophagus - Mucosa"
"ENSG00000148737.17","TCF7L2","chr10_112947581_G_C_b38","rs66500369","0.000058","-0.15","Brain - Cerebellum"
"ENSG00000148737.17","TCF7L2","chr10_112101813_C_T_b38","rs57403477","0.000059","-0.62","Cells - EBV-transformed lymphocytes"
"ENSG00000148737.17","TCF7L2","chr10_112104451_C_T_b38","rs185994935","0.000059","-0.62","Cells - EBV-transformed lymphocytes"
"ENSG00000148737.17","TCF7L2","chr10_112111917_T_G_b38","rs76648027","0.000059","-0.62","Cells - EBV-transformed lymphocytes"
"ENSG00000148737.17","TCF7L2","chr10_112949029_T_A_b38","rs10885394","0.000060","-0.16","Brain - Cerebellum"
"ENSG00000148737.17","TCF7L2","chr10_113454213_A_AAAT_b38","rs3057419","0.000060","0.17","Thyroid"
"ENSG00000148737.17","TCF7L2","chr10_112907591_T_C_b38","rs1813335","0.000061","0.14","Brain - Cerebellum"
"ENSG00000148737.17","TCF7L2","chr10_113049143_G_T_b38","rs12255372","0.000062","-0.12","Artery - Tibial"
"ENSG00000148737.17","TCF7L2","chr10_113132709_T_C_b38","rs10787475","0.000062","-0.10","Nerve - Tibial"
"ENSG00000148737.17","TCF7L2","chr10_113029056_T_C_b38","rs12243326","0.000063","-0.12","Artery - Tibial"
"ENSG00000148737.17","TCF7L2","chr10_113264559_G_A_b38","rs113275548","0.000063","0.30","Thyroid"
"ENSG00000148737.17","TCF7L2","chr10_112888192_T_A_b38","rs72826017","0.000064","0.15","Brain - Cerebellum"
"ENSG00000148737.17","TCF7L2","chr10_112936173_A_C_b38","rs10509967","0.000068","-0.15","Brain - Cerebellum"
"ENSG00000148737.17","TCF7L2","chr10_112936302_G_A_b38","rs12269491","0.000068","-0.15","Brain - Cerebellum"
"ENSG00000148737.17","TCF7L2","chr10_113037608_T_C_b38","rs56385800","0.000069","0.16","Esophagus - Mucosa"
"ENSG00000148737.17","TCF7L2","chr10_112879537_G_A_b38","rs7898718","0.000070","0.18","Cells - EBV-transformed lymphocytes"
"ENSG00000148737.17","TCF7L2","chr10_112897568_T_A_b38","rs35098680","0.000071","0.18","Cells - EBV-transformed lymphocytes"
"ENSG00000148737.17","TCF7L2","chr10_113318809_A_T_b38","rs12573556","0.000072","-0.52","Brain - Nucleus accumbens (basal ganglia)"
"ENSG00000148737.17","TCF7L2","chr10_113326258_G_A_b38","rs79267391","0.000072","-0.52","Brain - Nucleus accumbens (basal ganglia)"
"ENSG00000148737.17","TCF7L2","chr10_113241654_C_T_b38","rs111242450","0.000077","0.29","Thyroid"
"ENSG00000148737.17","TCF7L2","chr10_113426237_A_G_b38","rs76553170","0.000080","-0.16","Thyroid"
"ENSG00000148737.17","TCF7L2","chr10_112952789_A_T_b38","rs11196168","0.000081","-0.16","Brain - Cerebellum"
"ENSG00000148737.17","TCF7L2","chr10_112911080_T_C_b38","rs7076475","0.000082","0.14","Brain - Cerebellum"
"ENSG00000148737.17","TCF7L2","chr10_112937344_T_C_b38","rs35757597","0.000082","-0.16","Brain - Cerebellum"
"ENSG00000148737.17","TCF7L2","chr10_112939291_C_T_b38","rs11196161","0.000082","-0.16","Brain - Cerebellum"
"ENSG00000148737.17","TCF7L2","chr10_113439784_G_A_b38","rs73366200","0.000082","-0.17","Thyroid"
"ENSG00000148737.17","TCF7L2","chr10_113428987_T_G_b38","rs17130378","0.000083","-0.16","Thyroid"
"ENSG00000148737.17","TCF7L2","chr10_112983076_G_A_b38","rs10128255","0.000084","-0.11","Artery - Tibial"
"ENSG00000148737.17","TCF7L2","chr10_112980986_G_A_b38","rs7081062","0.000084","-0.11","Artery - Tibial"
"ENSG00000148737.17","TCF7L2","chr10_112949509_C_T_b38","rs10885395","0.000089","-0.16","Brain - Cerebellum"
"ENSG00000148737.17","TCF7L2","chr10_112937344_T_C_b38","rs35757597","0.000091","-0.11","Whole Blood"
"ENSG00000148737.17","TCF7L2","chr10_112939291_C_T_b38","rs11196161","0.000091","-0.11","Whole Blood"
"ENSG00000148737.17","TCF7L2","chr10_112875740_C_T_b38","rs56203663","0.000091","0.17","Cells - EBV-transformed lymphocytes"
"ENSG00000148737.17","TCF7L2","chr10_112877786_G_T_b38","rs1327694","0.000091","0.17","Cells - EBV-transformed lymphocytes"
"ENSG00000148737.17","TCF7L2","chr10_112878367_T_C_b38","rs11817840","0.000091","0.17","Cells - EBV-transformed lymphocytes"
"ENSG00000148737.17","TCF7L2","chr10_112967049_G_GC_b38","rs35374433","0.000097","0.080","Cells - Cultured fibroblasts"
"ENSG00000148737.17","TCF7L2","chr10_112990505_G_A_b38","rs11196183","0.000098","-0.20","Artery - Aorta"
"ENSG00000148737.17","TCF7L2","chr10_112888740_C_A_b38","rs1885283","0.000099","-0.25","Cells - EBV-transformed lymphocytes"
"ENSG00000148737.17","TCF7L2","chr10_113415389_T_C_b38","rs73366179","0.00010","-0.16","Thyroid"
"ENSG00000148737.17","TCF7L2","chr10_112947438_G_C_b38","rs11196166","0.00010","-0.11","Whole Blood"
"ENSG00000148737.17","TCF7L2","chr10_112927046_T_C_b38","rs11196152","0.00010","-0.095","Whole Blood"
"ENSG00000148737.17","TCF7L2","chr10_113496779_C_G_b38","rs4918829","0.00010","0.17","Thyroid"
"ENSG00000148737.17","TCF7L2","chr10_113492449_G_A_b38","rs73368049","0.00010","-0.17","Thyroid"
"ENSG00000148737.17","TCF7L2","chr10_113220126_C_T_b38","rs139363088","0.00011","0.43","Esophagus - Mucosa"
"ENSG00000148737.17","TCF7L2","chr10_112922794_A_G_b38","rs3862012","0.00011","-0.094","Whole Blood"
"ENSG00000148737.17","TCF7L2","chr10_112932105_C_A_b38","rs12260893","0.00011","-0.10","Whole Blood"
"ENSG00000148737.17","TCF7L2","chr10_112909260_C_T_b38","rs77486531","0.00012","-0.30","Whole Blood"
"ENSG00000148737.17","TCF7L2","chr10_112977291_C_T_b38","rs6585196","0.00012","-0.11","Artery - Tibial"
"ENSG00000148737.17","TCF7L2","chr10_113417867_G_A_b38","rs17130368","0.00012","-0.16","Thyroid"
"ENSG00000148737.17","TCF7L2","chr10_112853213_C_T_b38","rs1547191","0.00012","0.12","Esophagus - Mucosa"
"ENSG00000148737.17","TCF7L2","chr10_112984202_A_G_b38","rs7895307","0.00012","-0.11","Artery - Tibial"
"ENSG00000148737.17","TCF7L2","chr10_113038134_G_A_b38","rs7076754","0.00013","0.12","Thyroid"
"ENSG00000148737.17","TCF7L2","chr10_112924218_C_A_b38","rs12255439","0.00013","-0.093","Whole Blood"
"ENSG00000148737.17","TCF7L2","chr10_113038134_G_A_b38","rs7076754","0.00013","0.14","Esophagus - Mucosa"
"ENSG00000148737.17","TCF7L2","chr10_113487688_G_T_b38","rs11596522","0.00013","-0.17","Thyroid"
"ENSG00000148737.17","TCF7L2","chr10_112660780_A_C_b38","rs148059209","0.00014","0.38","Thyroid"
"ENSG00000148737.17","TCF7L2","chr10_112846660_A_G_b38","rs2479036","0.00015","0.12","Esophagus - Mucosa"
"ENSG00000148737.17","TCF7L2","chr10_113445560_C_A_b38","rs111971602","0.00016","-0.20","Thyroid"
"ENSG00000148737.17","TCF7L2","chr10_113531551_A_T_b38","rs138094618","0.00017","-0.27","Esophagus - Mucosa"
"ENSG00000148737.17","TCF7L2","chr10_112797410_C_G_b38","rs76569056","0.00019","0.35","Esophagus - Mucosa"
"ENSG00000148737.17","TCF7L2","chr10_112841799_T_G_b38","rs12249514","0.00019","0.51","Esophagus - Mucosa"
"ENSG00000148737.17","TCF7L2","chr10_113490381_T_C_b38","rs4918826","0.00019","0.16","Thyroid"